setid,"Temperature, K",Mole fraction of 1-butyl-3-methylimidazolium bis(trifluoromethylsulfonyl)imide,"Pressure, kPa","Specific density, kg/m<SUP>3</SUP>",reference,propertiy,phases,compound id 1,smile 1,compound name 1,compound id 2,smile 2,compound name 2,compound id 3,smile 3,compound name 3
LNiLM,283.15,0,100,1062.7,Almeida et al. (2016b),Density,Liquid,ABchwx,CCCC[n+]1ccn(C)c1.O=S(=O)([N-]S(=O)(=O)C(F)(F)F)C(F)(F)F,1-butyl-3-methylimidazolium bis(trifluoromethylsulfonyl)imide,AAmGQS,CC(=O)[O-].CCCC[n+]1ccn(C)c1,1-butyl-3-methylimidazolium acetate,,,
LNiLM,283.15,0.25,100,1193.2,Almeida et al. (2016b),Density,Liquid,ABchwx,CCCC[n+]1ccn(C)c1.O=S(=O)([N-]S(=O)(=O)C(F)(F)F)C(F)(F)F,1-butyl-3-methylimidazolium bis(trifluoromethylsulfonyl)imide,AAmGQS,CC(=O)[O-].CCCC[n+]1ccn(C)c1,1-butyl-3-methylimidazolium acetate,,,
LNiLM,283.15,0.498,100,1296.5,Almeida et al. (2016b),Density,Liquid,ABchwx,CCCC[n+]1ccn(C)c1.O=S(=O)([N-]S(=O)(=O)C(F)(F)F)C(F)(F)F,1-butyl-3-methylimidazolium bis(trifluoromethylsulfonyl)imide,AAmGQS,CC(=O)[O-].CCCC[n+]1ccn(C)c1,1-butyl-3-methylimidazolium acetate,,,
LNiLM,283.15,0.749,100,1381.4,Almeida et al. (2016b),Density,Liquid,ABchwx,CCCC[n+]1ccn(C)c1.O=S(=O)([N-]S(=O)(=O)C(F)(F)F)C(F)(F)F,1-butyl-3-methylimidazolium bis(trifluoromethylsulfonyl)imide,AAmGQS,CC(=O)[O-].CCCC[n+]1ccn(C)c1,1-butyl-3-methylimidazolium acetate,,,
LNiLM,283.15,1,100,1451.8,Almeida et al. (2016b),Density,Liquid,ABchwx,CCCC[n+]1ccn(C)c1.O=S(=O)([N-]S(=O)(=O)C(F)(F)F)C(F)(F)F,1-butyl-3-methylimidazolium bis(trifluoromethylsulfonyl)imide,AAmGQS,CC(=O)[O-].CCCC[n+]1ccn(C)c1,1-butyl-3-methylimidazolium acetate,,,
LNiLM,288.15,0,100,1059.4,Almeida et al. (2016b),Density,Liquid,ABchwx,CCCC[n+]1ccn(C)c1.O=S(=O)([N-]S(=O)(=O)C(F)(F)F)C(F)(F)F,1-butyl-3-methylimidazolium bis(trifluoromethylsulfonyl)imide,AAmGQS,CC(=O)[O-].CCCC[n+]1ccn(C)c1,1-butyl-3-methylimidazolium acetate,,,
LNiLM,288.15,0.25,100,1189.4,Almeida et al. (2016b),Density,Liquid,ABchwx,CCCC[n+]1ccn(C)c1.O=S(=O)([N-]S(=O)(=O)C(F)(F)F)C(F)(F)F,1-butyl-3-methylimidazolium bis(trifluoromethylsulfonyl)imide,AAmGQS,CC(=O)[O-].CCCC[n+]1ccn(C)c1,1-butyl-3-methylimidazolium acetate,,,
LNiLM,288.15,0.498,100,1292.2,Almeida et al. (2016b),Density,Liquid,ABchwx,CCCC[n+]1ccn(C)c1.O=S(=O)([N-]S(=O)(=O)C(F)(F)F)C(F)(F)F,1-butyl-3-methylimidazolium bis(trifluoromethylsulfonyl)imide,AAmGQS,CC(=O)[O-].CCCC[n+]1ccn(C)c1,1-butyl-3-methylimidazolium acetate,,,
LNiLM,288.15,0.749,100,1376.8,Almeida et al. (2016b),Density,Liquid,ABchwx,CCCC[n+]1ccn(C)c1.O=S(=O)([N-]S(=O)(=O)C(F)(F)F)C(F)(F)F,1-butyl-3-methylimidazolium bis(trifluoromethylsulfonyl)imide,AAmGQS,CC(=O)[O-].CCCC[n+]1ccn(C)c1,1-butyl-3-methylimidazolium acetate,,,
LNiLM,288.15,1,100,1446.9,Almeida et al. (2016b),Density,Liquid,ABchwx,CCCC[n+]1ccn(C)c1.O=S(=O)([N-]S(=O)(=O)C(F)(F)F)C(F)(F)F,1-butyl-3-methylimidazolium bis(trifluoromethylsulfonyl)imide,AAmGQS,CC(=O)[O-].CCCC[n+]1ccn(C)c1,1-butyl-3-methylimidazolium acetate,,,
LNiLM,293.15,0,100,1056,Almeida et al. (2016b),Density,Liquid,ABchwx,CCCC[n+]1ccn(C)c1.O=S(=O)([N-]S(=O)(=O)C(F)(F)F)C(F)(F)F,1-butyl-3-methylimidazolium bis(trifluoromethylsulfonyl)imide,AAmGQS,CC(=O)[O-].CCCC[n+]1ccn(C)c1,1-butyl-3-methylimidazolium acetate,,,
LNiLM,293.15,0.25,100,1185.6,Almeida et al. (2016b),Density,Liquid,ABchwx,CCCC[n+]1ccn(C)c1.O=S(=O)([N-]S(=O)(=O)C(F)(F)F)C(F)(F)F,1-butyl-3-methylimidazolium bis(trifluoromethylsulfonyl)imide,AAmGQS,CC(=O)[O-].CCCC[n+]1ccn(C)c1,1-butyl-3-methylimidazolium acetate,,,
LNiLM,293.15,0.498,100,1288,Almeida et al. (2016b),Density,Liquid,ABchwx,CCCC[n+]1ccn(C)c1.O=S(=O)([N-]S(=O)(=O)C(F)(F)F)C(F)(F)F,1-butyl-3-methylimidazolium bis(trifluoromethylsulfonyl)imide,AAmGQS,CC(=O)[O-].CCCC[n+]1ccn(C)c1,1-butyl-3-methylimidazolium acetate,,,
LNiLM,293.15,0.749,100,1372.3,Almeida et al. (2016b),Density,Liquid,ABchwx,CCCC[n+]1ccn(C)c1.O=S(=O)([N-]S(=O)(=O)C(F)(F)F)C(F)(F)F,1-butyl-3-methylimidazolium bis(trifluoromethylsulfonyl)imide,AAmGQS,CC(=O)[O-].CCCC[n+]1ccn(C)c1,1-butyl-3-methylimidazolium acetate,,,
LNiLM,293.15,1,100,1442.1,Almeida et al. (2016b),Density,Liquid,ABchwx,CCCC[n+]1ccn(C)c1.O=S(=O)([N-]S(=O)(=O)C(F)(F)F)C(F)(F)F,1-butyl-3-methylimidazolium bis(trifluoromethylsulfonyl)imide,AAmGQS,CC(=O)[O-].CCCC[n+]1ccn(C)c1,1-butyl-3-methylimidazolium acetate,,,
LNiLM,298.15,0,100,1052.8,Almeida et al. (2016b),Density,Liquid,ABchwx,CCCC[n+]1ccn(C)c1.O=S(=O)([N-]S(=O)(=O)C(F)(F)F)C(F)(F)F,1-butyl-3-methylimidazolium bis(trifluoromethylsulfonyl)imide,AAmGQS,CC(=O)[O-].CCCC[n+]1ccn(C)c1,1-butyl-3-methylimidazolium acetate,,,
LNiLM,298.15,0.25,100,1181.9,Almeida et al. (2016b),Density,Liquid,ABchwx,CCCC[n+]1ccn(C)c1.O=S(=O)([N-]S(=O)(=O)C(F)(F)F)C(F)(F)F,1-butyl-3-methylimidazolium bis(trifluoromethylsulfonyl)imide,AAmGQS,CC(=O)[O-].CCCC[n+]1ccn(C)c1,1-butyl-3-methylimidazolium acetate,,,
LNiLM,298.15,0.498,100,1283.8,Almeida et al. (2016b),Density,Liquid,ABchwx,CCCC[n+]1ccn(C)c1.O=S(=O)([N-]S(=O)(=O)C(F)(F)F)C(F)(F)F,1-butyl-3-methylimidazolium bis(trifluoromethylsulfonyl)imide,AAmGQS,CC(=O)[O-].CCCC[n+]1ccn(C)c1,1-butyl-3-methylimidazolium acetate,,,
LNiLM,298.15,0.749,100,1367.8,Almeida et al. (2016b),Density,Liquid,ABchwx,CCCC[n+]1ccn(C)c1.O=S(=O)([N-]S(=O)(=O)C(F)(F)F)C(F)(F)F,1-butyl-3-methylimidazolium bis(trifluoromethylsulfonyl)imide,AAmGQS,CC(=O)[O-].CCCC[n+]1ccn(C)c1,1-butyl-3-methylimidazolium acetate,,,
LNiLM,298.15,1,100,1437.2,Almeida et al. (2016b),Density,Liquid,ABchwx,CCCC[n+]1ccn(C)c1.O=S(=O)([N-]S(=O)(=O)C(F)(F)F)C(F)(F)F,1-butyl-3-methylimidazolium bis(trifluoromethylsulfonyl)imide,AAmGQS,CC(=O)[O-].CCCC[n+]1ccn(C)c1,1-butyl-3-methylimidazolium acetate,,,
LNiLM,303.15,0,100,1049.7,Almeida et al. (2016b),Density,Liquid,ABchwx,CCCC[n+]1ccn(C)c1.O=S(=O)([N-]S(=O)(=O)C(F)(F)F)C(F)(F)F,1-butyl-3-methylimidazolium bis(trifluoromethylsulfonyl)imide,AAmGQS,CC(=O)[O-].CCCC[n+]1ccn(C)c1,1-butyl-3-methylimidazolium acetate,,,
LNiLM,303.15,0.25,100,1178.3,Almeida et al. (2016b),Density,Liquid,ABchwx,CCCC[n+]1ccn(C)c1.O=S(=O)([N-]S(=O)(=O)C(F)(F)F)C(F)(F)F,1-butyl-3-methylimidazolium bis(trifluoromethylsulfonyl)imide,AAmGQS,CC(=O)[O-].CCCC[n+]1ccn(C)c1,1-butyl-3-methylimidazolium acetate,,,
LNiLM,303.15,0.498,100,1279.7,Almeida et al. (2016b),Density,Liquid,ABchwx,CCCC[n+]1ccn(C)c1.O=S(=O)([N-]S(=O)(=O)C(F)(F)F)C(F)(F)F,1-butyl-3-methylimidazolium bis(trifluoromethylsulfonyl)imide,AAmGQS,CC(=O)[O-].CCCC[n+]1ccn(C)c1,1-butyl-3-methylimidazolium acetate,,,
LNiLM,303.15,0.749,100,1363.3,Almeida et al. (2016b),Density,Liquid,ABchwx,CCCC[n+]1ccn(C)c1.O=S(=O)([N-]S(=O)(=O)C(F)(F)F)C(F)(F)F,1-butyl-3-methylimidazolium bis(trifluoromethylsulfonyl)imide,AAmGQS,CC(=O)[O-].CCCC[n+]1ccn(C)c1,1-butyl-3-methylimidazolium acetate,,,
LNiLM,303.15,1,100,1432.4,Almeida et al. (2016b),Density,Liquid,ABchwx,CCCC[n+]1ccn(C)c1.O=S(=O)([N-]S(=O)(=O)C(F)(F)F)C(F)(F)F,1-butyl-3-methylimidazolium bis(trifluoromethylsulfonyl)imide,AAmGQS,CC(=O)[O-].CCCC[n+]1ccn(C)c1,1-butyl-3-methylimidazolium acetate,,,
LNiLM,308.15,0,100,1046.6,Almeida et al. (2016b),Density,Liquid,ABchwx,CCCC[n+]1ccn(C)c1.O=S(=O)([N-]S(=O)(=O)C(F)(F)F)C(F)(F)F,1-butyl-3-methylimidazolium bis(trifluoromethylsulfonyl)imide,AAmGQS,CC(=O)[O-].CCCC[n+]1ccn(C)c1,1-butyl-3-methylimidazolium acetate,,,
LNiLM,308.15,0.25,100,1174.7,Almeida et al. (2016b),Density,Liquid,ABchwx,CCCC[n+]1ccn(C)c1.O=S(=O)([N-]S(=O)(=O)C(F)(F)F)C(F)(F)F,1-butyl-3-methylimidazolium bis(trifluoromethylsulfonyl)imide,AAmGQS,CC(=O)[O-].CCCC[n+]1ccn(C)c1,1-butyl-3-methylimidazolium acetate,,,
LNiLM,308.15,0.498,100,1275.7,Almeida et al. (2016b),Density,Liquid,ABchwx,CCCC[n+]1ccn(C)c1.O=S(=O)([N-]S(=O)(=O)C(F)(F)F)C(F)(F)F,1-butyl-3-methylimidazolium bis(trifluoromethylsulfonyl)imide,AAmGQS,CC(=O)[O-].CCCC[n+]1ccn(C)c1,1-butyl-3-methylimidazolium acetate,,,
LNiLM,308.15,0.749,100,1358.8,Almeida et al. (2016b),Density,Liquid,ABchwx,CCCC[n+]1ccn(C)c1.O=S(=O)([N-]S(=O)(=O)C(F)(F)F)C(F)(F)F,1-butyl-3-methylimidazolium bis(trifluoromethylsulfonyl)imide,AAmGQS,CC(=O)[O-].CCCC[n+]1ccn(C)c1,1-butyl-3-methylimidazolium acetate,,,
LNiLM,308.15,1,100,1427.6,Almeida et al. (2016b),Density,Liquid,ABchwx,CCCC[n+]1ccn(C)c1.O=S(=O)([N-]S(=O)(=O)C(F)(F)F)C(F)(F)F,1-butyl-3-methylimidazolium bis(trifluoromethylsulfonyl)imide,AAmGQS,CC(=O)[O-].CCCC[n+]1ccn(C)c1,1-butyl-3-methylimidazolium acetate,,,
LNiLM,313.15,0,100,1043.5,Almeida et al. (2016b),Density,Liquid,ABchwx,CCCC[n+]1ccn(C)c1.O=S(=O)([N-]S(=O)(=O)C(F)(F)F)C(F)(F)F,1-butyl-3-methylimidazolium bis(trifluoromethylsulfonyl)imide,AAmGQS,CC(=O)[O-].CCCC[n+]1ccn(C)c1,1-butyl-3-methylimidazolium acetate,,,
LNiLM,313.15,0.25,100,1171.1,Almeida et al. (2016b),Density,Liquid,ABchwx,CCCC[n+]1ccn(C)c1.O=S(=O)([N-]S(=O)(=O)C(F)(F)F)C(F)(F)F,1-butyl-3-methylimidazolium bis(trifluoromethylsulfonyl)imide,AAmGQS,CC(=O)[O-].CCCC[n+]1ccn(C)c1,1-butyl-3-methylimidazolium acetate,,,
LNiLM,313.15,0.498,100,1271.6,Almeida et al. (2016b),Density,Liquid,ABchwx,CCCC[n+]1ccn(C)c1.O=S(=O)([N-]S(=O)(=O)C(F)(F)F)C(F)(F)F,1-butyl-3-methylimidazolium bis(trifluoromethylsulfonyl)imide,AAmGQS,CC(=O)[O-].CCCC[n+]1ccn(C)c1,1-butyl-3-methylimidazolium acetate,,,
LNiLM,313.15,0.749,100,1354.3,Almeida et al. (2016b),Density,Liquid,ABchwx,CCCC[n+]1ccn(C)c1.O=S(=O)([N-]S(=O)(=O)C(F)(F)F)C(F)(F)F,1-butyl-3-methylimidazolium bis(trifluoromethylsulfonyl)imide,AAmGQS,CC(=O)[O-].CCCC[n+]1ccn(C)c1,1-butyl-3-methylimidazolium acetate,,,
LNiLM,313.15,1,100,1422.9,Almeida et al. (2016b),Density,Liquid,ABchwx,CCCC[n+]1ccn(C)c1.O=S(=O)([N-]S(=O)(=O)C(F)(F)F)C(F)(F)F,1-butyl-3-methylimidazolium bis(trifluoromethylsulfonyl)imide,AAmGQS,CC(=O)[O-].CCCC[n+]1ccn(C)c1,1-butyl-3-methylimidazolium acetate,,,
LNiLM,318.15,0,100,1040.5,Almeida et al. (2016b),Density,Liquid,ABchwx,CCCC[n+]1ccn(C)c1.O=S(=O)([N-]S(=O)(=O)C(F)(F)F)C(F)(F)F,1-butyl-3-methylimidazolium bis(trifluoromethylsulfonyl)imide,AAmGQS,CC(=O)[O-].CCCC[n+]1ccn(C)c1,1-butyl-3-methylimidazolium acetate,,,
LNiLM,318.15,0.25,100,1167.5,Almeida et al. (2016b),Density,Liquid,ABchwx,CCCC[n+]1ccn(C)c1.O=S(=O)([N-]S(=O)(=O)C(F)(F)F)C(F)(F)F,1-butyl-3-methylimidazolium bis(trifluoromethylsulfonyl)imide,AAmGQS,CC(=O)[O-].CCCC[n+]1ccn(C)c1,1-butyl-3-methylimidazolium acetate,,,
LNiLM,318.15,0.498,100,1267.5,Almeida et al. (2016b),Density,Liquid,ABchwx,CCCC[n+]1ccn(C)c1.O=S(=O)([N-]S(=O)(=O)C(F)(F)F)C(F)(F)F,1-butyl-3-methylimidazolium bis(trifluoromethylsulfonyl)imide,AAmGQS,CC(=O)[O-].CCCC[n+]1ccn(C)c1,1-butyl-3-methylimidazolium acetate,,,
LNiLM,318.15,0.749,100,1349.9,Almeida et al. (2016b),Density,Liquid,ABchwx,CCCC[n+]1ccn(C)c1.O=S(=O)([N-]S(=O)(=O)C(F)(F)F)C(F)(F)F,1-butyl-3-methylimidazolium bis(trifluoromethylsulfonyl)imide,AAmGQS,CC(=O)[O-].CCCC[n+]1ccn(C)c1,1-butyl-3-methylimidazolium acetate,,,
LNiLM,318.15,1,100,1418.2,Almeida et al. (2016b),Density,Liquid,ABchwx,CCCC[n+]1ccn(C)c1.O=S(=O)([N-]S(=O)(=O)C(F)(F)F)C(F)(F)F,1-butyl-3-methylimidazolium bis(trifluoromethylsulfonyl)imide,AAmGQS,CC(=O)[O-].CCCC[n+]1ccn(C)c1,1-butyl-3-methylimidazolium acetate,,,
LNiLM,323.15,0,100,1037.5,Almeida et al. (2016b),Density,Liquid,ABchwx,CCCC[n+]1ccn(C)c1.O=S(=O)([N-]S(=O)(=O)C(F)(F)F)C(F)(F)F,1-butyl-3-methylimidazolium bis(trifluoromethylsulfonyl)imide,AAmGQS,CC(=O)[O-].CCCC[n+]1ccn(C)c1,1-butyl-3-methylimidazolium acetate,,,
LNiLM,323.15,0.25,100,1163.9,Almeida et al. (2016b),Density,Liquid,ABchwx,CCCC[n+]1ccn(C)c1.O=S(=O)([N-]S(=O)(=O)C(F)(F)F)C(F)(F)F,1-butyl-3-methylimidazolium bis(trifluoromethylsulfonyl)imide,AAmGQS,CC(=O)[O-].CCCC[n+]1ccn(C)c1,1-butyl-3-methylimidazolium acetate,,,
LNiLM,323.15,0.498,100,1263.5,Almeida et al. (2016b),Density,Liquid,ABchwx,CCCC[n+]1ccn(C)c1.O=S(=O)([N-]S(=O)(=O)C(F)(F)F)C(F)(F)F,1-butyl-3-methylimidazolium bis(trifluoromethylsulfonyl)imide,AAmGQS,CC(=O)[O-].CCCC[n+]1ccn(C)c1,1-butyl-3-methylimidazolium acetate,,,
LNiLM,323.15,0.749,100,1345.4,Almeida et al. (2016b),Density,Liquid,ABchwx,CCCC[n+]1ccn(C)c1.O=S(=O)([N-]S(=O)(=O)C(F)(F)F)C(F)(F)F,1-butyl-3-methylimidazolium bis(trifluoromethylsulfonyl)imide,AAmGQS,CC(=O)[O-].CCCC[n+]1ccn(C)c1,1-butyl-3-methylimidazolium acetate,,,
LNiLM,323.15,1,100,1413.5,Almeida et al. (2016b),Density,Liquid,ABchwx,CCCC[n+]1ccn(C)c1.O=S(=O)([N-]S(=O)(=O)C(F)(F)F)C(F)(F)F,1-butyl-3-methylimidazolium bis(trifluoromethylsulfonyl)imide,AAmGQS,CC(=O)[O-].CCCC[n+]1ccn(C)c1,1-butyl-3-methylimidazolium acetate,,,
LNiLM,328.15,0,100,1034.5,Almeida et al. (2016b),Density,Liquid,ABchwx,CCCC[n+]1ccn(C)c1.O=S(=O)([N-]S(=O)(=O)C(F)(F)F)C(F)(F)F,1-butyl-3-methylimidazolium bis(trifluoromethylsulfonyl)imide,AAmGQS,CC(=O)[O-].CCCC[n+]1ccn(C)c1,1-butyl-3-methylimidazolium acetate,,,
LNiLM,328.15,0.25,100,1160.3,Almeida et al. (2016b),Density,Liquid,ABchwx,CCCC[n+]1ccn(C)c1.O=S(=O)([N-]S(=O)(=O)C(F)(F)F)C(F)(F)F,1-butyl-3-methylimidazolium bis(trifluoromethylsulfonyl)imide,AAmGQS,CC(=O)[O-].CCCC[n+]1ccn(C)c1,1-butyl-3-methylimidazolium acetate,,,
LNiLM,328.15,0.498,100,1259.4,Almeida et al. (2016b),Density,Liquid,ABchwx,CCCC[n+]1ccn(C)c1.O=S(=O)([N-]S(=O)(=O)C(F)(F)F)C(F)(F)F,1-butyl-3-methylimidazolium bis(trifluoromethylsulfonyl)imide,AAmGQS,CC(=O)[O-].CCCC[n+]1ccn(C)c1,1-butyl-3-methylimidazolium acetate,,,
LNiLM,328.15,0.749,100,1341,Almeida et al. (2016b),Density,Liquid,ABchwx,CCCC[n+]1ccn(C)c1.O=S(=O)([N-]S(=O)(=O)C(F)(F)F)C(F)(F)F,1-butyl-3-methylimidazolium bis(trifluoromethylsulfonyl)imide,AAmGQS,CC(=O)[O-].CCCC[n+]1ccn(C)c1,1-butyl-3-methylimidazolium acetate,,,
LNiLM,328.15,1,100,1408.8,Almeida et al. (2016b),Density,Liquid,ABchwx,CCCC[n+]1ccn(C)c1.O=S(=O)([N-]S(=O)(=O)C(F)(F)F)C(F)(F)F,1-butyl-3-methylimidazolium bis(trifluoromethylsulfonyl)imide,AAmGQS,CC(=O)[O-].CCCC[n+]1ccn(C)c1,1-butyl-3-methylimidazolium acetate,,,
LNiLM,333.15,0,100,1031.5,Almeida et al. (2016b),Density,Liquid,ABchwx,CCCC[n+]1ccn(C)c1.O=S(=O)([N-]S(=O)(=O)C(F)(F)F)C(F)(F)F,1-butyl-3-methylimidazolium bis(trifluoromethylsulfonyl)imide,AAmGQS,CC(=O)[O-].CCCC[n+]1ccn(C)c1,1-butyl-3-methylimidazolium acetate,,,
LNiLM,333.15,0.25,100,1156.8,Almeida et al. (2016b),Density,Liquid,ABchwx,CCCC[n+]1ccn(C)c1.O=S(=O)([N-]S(=O)(=O)C(F)(F)F)C(F)(F)F,1-butyl-3-methylimidazolium bis(trifluoromethylsulfonyl)imide,AAmGQS,CC(=O)[O-].CCCC[n+]1ccn(C)c1,1-butyl-3-methylimidazolium acetate,,,
LNiLM,333.15,0.498,100,1255.4,Almeida et al. (2016b),Density,Liquid,ABchwx,CCCC[n+]1ccn(C)c1.O=S(=O)([N-]S(=O)(=O)C(F)(F)F)C(F)(F)F,1-butyl-3-methylimidazolium bis(trifluoromethylsulfonyl)imide,AAmGQS,CC(=O)[O-].CCCC[n+]1ccn(C)c1,1-butyl-3-methylimidazolium acetate,,,
LNiLM,333.15,0.749,100,1336.6,Almeida et al. (2016b),Density,Liquid,ABchwx,CCCC[n+]1ccn(C)c1.O=S(=O)([N-]S(=O)(=O)C(F)(F)F)C(F)(F)F,1-butyl-3-methylimidazolium bis(trifluoromethylsulfonyl)imide,AAmGQS,CC(=O)[O-].CCCC[n+]1ccn(C)c1,1-butyl-3-methylimidazolium acetate,,,
LNiLM,333.15,1,100,1404.1,Almeida et al. (2016b),Density,Liquid,ABchwx,CCCC[n+]1ccn(C)c1.O=S(=O)([N-]S(=O)(=O)C(F)(F)F)C(F)(F)F,1-butyl-3-methylimidazolium bis(trifluoromethylsulfonyl)imide,AAmGQS,CC(=O)[O-].CCCC[n+]1ccn(C)c1,1-butyl-3-methylimidazolium acetate,,,
LNiLM,338.15,0,100,1028.5,Almeida et al. (2016b),Density,Liquid,ABchwx,CCCC[n+]1ccn(C)c1.O=S(=O)([N-]S(=O)(=O)C(F)(F)F)C(F)(F)F,1-butyl-3-methylimidazolium bis(trifluoromethylsulfonyl)imide,AAmGQS,CC(=O)[O-].CCCC[n+]1ccn(C)c1,1-butyl-3-methylimidazolium acetate,,,
LNiLM,338.15,0.25,100,1153.2,Almeida et al. (2016b),Density,Liquid,ABchwx,CCCC[n+]1ccn(C)c1.O=S(=O)([N-]S(=O)(=O)C(F)(F)F)C(F)(F)F,1-butyl-3-methylimidazolium bis(trifluoromethylsulfonyl)imide,AAmGQS,CC(=O)[O-].CCCC[n+]1ccn(C)c1,1-butyl-3-methylimidazolium acetate,,,
LNiLM,338.15,0.498,100,1251.4,Almeida et al. (2016b),Density,Liquid,ABchwx,CCCC[n+]1ccn(C)c1.O=S(=O)([N-]S(=O)(=O)C(F)(F)F)C(F)(F)F,1-butyl-3-methylimidazolium bis(trifluoromethylsulfonyl)imide,AAmGQS,CC(=O)[O-].CCCC[n+]1ccn(C)c1,1-butyl-3-methylimidazolium acetate,,,
LNiLM,338.15,0.749,100,1332.3,Almeida et al. (2016b),Density,Liquid,ABchwx,CCCC[n+]1ccn(C)c1.O=S(=O)([N-]S(=O)(=O)C(F)(F)F)C(F)(F)F,1-butyl-3-methylimidazolium bis(trifluoromethylsulfonyl)imide,AAmGQS,CC(=O)[O-].CCCC[n+]1ccn(C)c1,1-butyl-3-methylimidazolium acetate,,,
LNiLM,338.15,1,100,1399.4,Almeida et al. (2016b),Density,Liquid,ABchwx,CCCC[n+]1ccn(C)c1.O=S(=O)([N-]S(=O)(=O)C(F)(F)F)C(F)(F)F,1-butyl-3-methylimidazolium bis(trifluoromethylsulfonyl)imide,AAmGQS,CC(=O)[O-].CCCC[n+]1ccn(C)c1,1-butyl-3-methylimidazolium acetate,,,
LNiLM,343.15,0,100,1025.6,Almeida et al. (2016b),Density,Liquid,ABchwx,CCCC[n+]1ccn(C)c1.O=S(=O)([N-]S(=O)(=O)C(F)(F)F)C(F)(F)F,1-butyl-3-methylimidazolium bis(trifluoromethylsulfonyl)imide,AAmGQS,CC(=O)[O-].CCCC[n+]1ccn(C)c1,1-butyl-3-methylimidazolium acetate,,,
LNiLM,343.15,0.25,100,1149.7,Almeida et al. (2016b),Density,Liquid,ABchwx,CCCC[n+]1ccn(C)c1.O=S(=O)([N-]S(=O)(=O)C(F)(F)F)C(F)(F)F,1-butyl-3-methylimidazolium bis(trifluoromethylsulfonyl)imide,AAmGQS,CC(=O)[O-].CCCC[n+]1ccn(C)c1,1-butyl-3-methylimidazolium acetate,,,
LNiLM,343.15,0.498,100,1247.5,Almeida et al. (2016b),Density,Liquid,ABchwx,CCCC[n+]1ccn(C)c1.O=S(=O)([N-]S(=O)(=O)C(F)(F)F)C(F)(F)F,1-butyl-3-methylimidazolium bis(trifluoromethylsulfonyl)imide,AAmGQS,CC(=O)[O-].CCCC[n+]1ccn(C)c1,1-butyl-3-methylimidazolium acetate,,,
LNiLM,343.15,0.749,100,1327.9,Almeida et al. (2016b),Density,Liquid,ABchwx,CCCC[n+]1ccn(C)c1.O=S(=O)([N-]S(=O)(=O)C(F)(F)F)C(F)(F)F,1-butyl-3-methylimidazolium bis(trifluoromethylsulfonyl)imide,AAmGQS,CC(=O)[O-].CCCC[n+]1ccn(C)c1,1-butyl-3-methylimidazolium acetate,,,
LNiLM,343.15,1,100,1394.8,Almeida et al. (2016b),Density,Liquid,ABchwx,CCCC[n+]1ccn(C)c1.O=S(=O)([N-]S(=O)(=O)C(F)(F)F)C(F)(F)F,1-butyl-3-methylimidazolium bis(trifluoromethylsulfonyl)imide,AAmGQS,CC(=O)[O-].CCCC[n+]1ccn(C)c1,1-butyl-3-methylimidazolium acetate,,,
LNiLM,348.15,0,100,1022.6,Almeida et al. (2016b),Density,Liquid,ABchwx,CCCC[n+]1ccn(C)c1.O=S(=O)([N-]S(=O)(=O)C(F)(F)F)C(F)(F)F,1-butyl-3-methylimidazolium bis(trifluoromethylsulfonyl)imide,AAmGQS,CC(=O)[O-].CCCC[n+]1ccn(C)c1,1-butyl-3-methylimidazolium acetate,,,
LNiLM,348.15,0.25,100,1146.1,Almeida et al. (2016b),Density,Liquid,ABchwx,CCCC[n+]1ccn(C)c1.O=S(=O)([N-]S(=O)(=O)C(F)(F)F)C(F)(F)F,1-butyl-3-methylimidazolium bis(trifluoromethylsulfonyl)imide,AAmGQS,CC(=O)[O-].CCCC[n+]1ccn(C)c1,1-butyl-3-methylimidazolium acetate,,,
LNiLM,348.15,0.498,100,1243.5,Almeida et al. (2016b),Density,Liquid,ABchwx,CCCC[n+]1ccn(C)c1.O=S(=O)([N-]S(=O)(=O)C(F)(F)F)C(F)(F)F,1-butyl-3-methylimidazolium bis(trifluoromethylsulfonyl)imide,AAmGQS,CC(=O)[O-].CCCC[n+]1ccn(C)c1,1-butyl-3-methylimidazolium acetate,,,
LNiLM,348.15,0.749,100,1323.6,Almeida et al. (2016b),Density,Liquid,ABchwx,CCCC[n+]1ccn(C)c1.O=S(=O)([N-]S(=O)(=O)C(F)(F)F)C(F)(F)F,1-butyl-3-methylimidazolium bis(trifluoromethylsulfonyl)imide,AAmGQS,CC(=O)[O-].CCCC[n+]1ccn(C)c1,1-butyl-3-methylimidazolium acetate,,,
LNiLM,348.15,1,100,1390.2,Almeida et al. (2016b),Density,Liquid,ABchwx,CCCC[n+]1ccn(C)c1.O=S(=O)([N-]S(=O)(=O)C(F)(F)F)C(F)(F)F,1-butyl-3-methylimidazolium bis(trifluoromethylsulfonyl)imide,AAmGQS,CC(=O)[O-].CCCC[n+]1ccn(C)c1,1-butyl-3-methylimidazolium acetate,,,
LNiLM,353.15,0,100,1019.7,Almeida et al. (2016b),Density,Liquid,ABchwx,CCCC[n+]1ccn(C)c1.O=S(=O)([N-]S(=O)(=O)C(F)(F)F)C(F)(F)F,1-butyl-3-methylimidazolium bis(trifluoromethylsulfonyl)imide,AAmGQS,CC(=O)[O-].CCCC[n+]1ccn(C)c1,1-butyl-3-methylimidazolium acetate,,,
LNiLM,353.15,0.25,100,1142.6,Almeida et al. (2016b),Density,Liquid,ABchwx,CCCC[n+]1ccn(C)c1.O=S(=O)([N-]S(=O)(=O)C(F)(F)F)C(F)(F)F,1-butyl-3-methylimidazolium bis(trifluoromethylsulfonyl)imide,AAmGQS,CC(=O)[O-].CCCC[n+]1ccn(C)c1,1-butyl-3-methylimidazolium acetate,,,
LNiLM,353.15,0.498,100,1239.6,Almeida et al. (2016b),Density,Liquid,ABchwx,CCCC[n+]1ccn(C)c1.O=S(=O)([N-]S(=O)(=O)C(F)(F)F)C(F)(F)F,1-butyl-3-methylimidazolium bis(trifluoromethylsulfonyl)imide,AAmGQS,CC(=O)[O-].CCCC[n+]1ccn(C)c1,1-butyl-3-methylimidazolium acetate,,,
LNiLM,353.15,0.749,100,1319.4,Almeida et al. (2016b),Density,Liquid,ABchwx,CCCC[n+]1ccn(C)c1.O=S(=O)([N-]S(=O)(=O)C(F)(F)F)C(F)(F)F,1-butyl-3-methylimidazolium bis(trifluoromethylsulfonyl)imide,AAmGQS,CC(=O)[O-].CCCC[n+]1ccn(C)c1,1-butyl-3-methylimidazolium acetate,,,
LNiLM,353.15,1,100,1385.6,Almeida et al. (2016b),Density,Liquid,ABchwx,CCCC[n+]1ccn(C)c1.O=S(=O)([N-]S(=O)(=O)C(F)(F)F)C(F)(F)F,1-butyl-3-methylimidazolium bis(trifluoromethylsulfonyl)imide,AAmGQS,CC(=O)[O-].CCCC[n+]1ccn(C)c1,1-butyl-3-methylimidazolium acetate,,,
LNiLM,358.15,0,100,1016.7,Almeida et al. (2016b),Density,Liquid,ABchwx,CCCC[n+]1ccn(C)c1.O=S(=O)([N-]S(=O)(=O)C(F)(F)F)C(F)(F)F,1-butyl-3-methylimidazolium bis(trifluoromethylsulfonyl)imide,AAmGQS,CC(=O)[O-].CCCC[n+]1ccn(C)c1,1-butyl-3-methylimidazolium acetate,,,
LNiLM,358.15,0.25,100,1139.1,Almeida et al. (2016b),Density,Liquid,ABchwx,CCCC[n+]1ccn(C)c1.O=S(=O)([N-]S(=O)(=O)C(F)(F)F)C(F)(F)F,1-butyl-3-methylimidazolium bis(trifluoromethylsulfonyl)imide,AAmGQS,CC(=O)[O-].CCCC[n+]1ccn(C)c1,1-butyl-3-methylimidazolium acetate,,,
LNiLM,358.15,0.498,100,1235.7,Almeida et al. (2016b),Density,Liquid,ABchwx,CCCC[n+]1ccn(C)c1.O=S(=O)([N-]S(=O)(=O)C(F)(F)F)C(F)(F)F,1-butyl-3-methylimidazolium bis(trifluoromethylsulfonyl)imide,AAmGQS,CC(=O)[O-].CCCC[n+]1ccn(C)c1,1-butyl-3-methylimidazolium acetate,,,
LNiLM,358.15,0.749,100,1315.1,Almeida et al. (2016b),Density,Liquid,ABchwx,CCCC[n+]1ccn(C)c1.O=S(=O)([N-]S(=O)(=O)C(F)(F)F)C(F)(F)F,1-butyl-3-methylimidazolium bis(trifluoromethylsulfonyl)imide,AAmGQS,CC(=O)[O-].CCCC[n+]1ccn(C)c1,1-butyl-3-methylimidazolium acetate,,,
LNiLM,358.15,1,100,1381.1,Almeida et al. (2016b),Density,Liquid,ABchwx,CCCC[n+]1ccn(C)c1.O=S(=O)([N-]S(=O)(=O)C(F)(F)F)C(F)(F)F,1-butyl-3-methylimidazolium bis(trifluoromethylsulfonyl)imide,AAmGQS,CC(=O)[O-].CCCC[n+]1ccn(C)c1,1-butyl-3-methylimidazolium acetate,,,
LNiLM,363.15,0,100,1013.9,Almeida et al. (2016b),Density,Liquid,ABchwx,CCCC[n+]1ccn(C)c1.O=S(=O)([N-]S(=O)(=O)C(F)(F)F)C(F)(F)F,1-butyl-3-methylimidazolium bis(trifluoromethylsulfonyl)imide,AAmGQS,CC(=O)[O-].CCCC[n+]1ccn(C)c1,1-butyl-3-methylimidazolium acetate,,,
LNiLM,363.15,0.25,100,1135.6,Almeida et al. (2016b),Density,Liquid,ABchwx,CCCC[n+]1ccn(C)c1.O=S(=O)([N-]S(=O)(=O)C(F)(F)F)C(F)(F)F,1-butyl-3-methylimidazolium bis(trifluoromethylsulfonyl)imide,AAmGQS,CC(=O)[O-].CCCC[n+]1ccn(C)c1,1-butyl-3-methylimidazolium acetate,,,
LNiLM,363.15,0.498,100,1231.8,Almeida et al. (2016b),Density,Liquid,ABchwx,CCCC[n+]1ccn(C)c1.O=S(=O)([N-]S(=O)(=O)C(F)(F)F)C(F)(F)F,1-butyl-3-methylimidazolium bis(trifluoromethylsulfonyl)imide,AAmGQS,CC(=O)[O-].CCCC[n+]1ccn(C)c1,1-butyl-3-methylimidazolium acetate,,,
LNiLM,363.15,0.749,100,1310.9,Almeida et al. (2016b),Density,Liquid,ABchwx,CCCC[n+]1ccn(C)c1.O=S(=O)([N-]S(=O)(=O)C(F)(F)F)C(F)(F)F,1-butyl-3-methylimidazolium bis(trifluoromethylsulfonyl)imide,AAmGQS,CC(=O)[O-].CCCC[n+]1ccn(C)c1,1-butyl-3-methylimidazolium acetate,,,
LNiLM,363.15,1,100,1376.6,Almeida et al. (2016b),Density,Liquid,ABchwx,CCCC[n+]1ccn(C)c1.O=S(=O)([N-]S(=O)(=O)C(F)(F)F)C(F)(F)F,1-butyl-3-methylimidazolium bis(trifluoromethylsulfonyl)imide,AAmGQS,CC(=O)[O-].CCCC[n+]1ccn(C)c1,1-butyl-3-methylimidazolium acetate,,,
